{
  "Evaluate lr": {
    "accuracy": 0.8888888888888888,
    "presicion": 0.9333333333333333,
    "recall": 0.8,
    "F1-Score": 0.8392857142857142
  }
}
