{
  "Evaluate lr": {
    "accuracy": 0.8333333333333334,
    "presicion": 0.7666666666666666,
    "recall": 0.7142857142857143,
    "F1-Score": 0.7339901477832513
  }
}
