{
  "Evaluate xgb": {
    "accuracy": 0.7222222222222222,
    "presicion": 0.8611111111111112,
    "recall": 0.5,
    "F1-Score": 0.4193548387096774
  }
}
